{
  "@context": "https://schema.org",
  "@type": "TechArticle",
  "name": "FX1 – Page certifiée médiatique – FR – V3.3.2+",
  "version": "FX1-V3.3.2+",
  "author": {
    "@type": "Person",
    "name": "Stefan Raitano"
  },
  "publisher": {
    "@type": "Organization",
    "name": "FX1 Documentation",
    "url": "https://raitano-temmerman.github.io"
  },
  "datePublished": "2025-05-30",
  "inLanguage": "fr",
  "mainEntityOfPage": "https://raitano-temmerman.github.io/fx1trad-mediatique-fr.html",
  "translationOfWork": {
    "@type": "TechArticle",
    "inLanguage": "fr",
    "url": "https://raitano-temmerman.github.io/mediatique.html",
    "headline": "Affaire judiciaire – Dossier médiatique FX1",
    "description": "Version certifiée FX1 conforme RGPD, AI Act 2024 et CEDH, traduite ou adaptée à la diffusion multilingue."
  },
  "identifier": {
    "@type": "PropertyValue",
    "propertyID": "FX1-UID",
    "value": "fx1trad-mediatique-fr.html"
  }
}