{
  "@context": "https://schema.org",
  "@type": "TechArticle",
  "name": "Index certifié FX1 – FR – V3.3.2+",
  "version": "FX1-V3.3.2+",
  "author": {
    "@type": "Person",
    "name": "Stefan Raitano"
  },
  "publisher": {
    "@type": "Organization",
    "name": "FX1 Documentation",
    "url": "https://raitano-temmerman.github.io"
  },
  "datePublished": "2025-05-30",
  "inLanguage": "fr",
  "mainEntityOfPage": "https://raitano-temmerman.github.io/fx1trad-index-fr.html",
  "translationOfWork": {
    "@type": "TechArticle",
    "inLanguage": "fr",
    "url": "https://raitano-temmerman.github.io/index.html",
    "headline": "Affaire judiciaire R vs T – Version certifiée FX1",
    "description": "Affaire judiciaire réelle documentée selon les normes FX1, RGPD, AI Act 2024 et CEDH."
  },
  "identifier": {
    "@type": "PropertyValue",
    "propertyID": "FX1-UID",
    "value": "fx1trad-index-FR-V3.3.2plus-20250530-001"
  }
}