{
  "@context": "https://schema.org",
  "@type": "TechArticle",
  "name": "Certification FX1-Ultra++ – Archivage Officiel – FR",
  "version": "FX1-V3.3.2plus",
  "author": {
    "@type": "Person",
    "name": "Stefan Raitano"
  },
  "publisher": {
    "@type": "Organization",
    "name": "FX1 Documentation",
    "url": "https://raitano-temmerman.github.io"
  },
  "datePublished": "2025-05-30",
  "inLanguage": "fr",
  "mainEntityOfPage": "https://raitano-temmerman.github.io/certification.html",
  "identifier": {
    "@type": "PropertyValue",
    "propertyID": "FX1-UID",
    "value": "fx1trad-certification-FR-V3.3.2plus-20250530-001"
  }
}